date,value,place_id,category_id
2017-01-01 00:00:00,192254719.39,c-pr--sju,
2018-01-01 00:00:00,188656198.10000002,c-pr--sju,
2019-01-01 00:00:00,195421798.1,c-pr--sju,
2020-01-01 00:00:00,278268838.15999997,c-pr--sju,
2021-01-01 00:00:00,1075000989.04,c-pr--sju,
2022-01-01 00:00:00,258351669.52,c-pr--sju,
2023-01-01 00:00:00,255337059.15000004,c-pr--sju,
2017-01-01 00:00:00,29752059.88,c-us-ak-anc,
2018-01-01 00:00:00,38913240.050000004,c-us-ak-anc,
2019-01-01 00:00:00,26152303,c-us-ak-anc,
2020-01-01 00:00:00,71072081.91000001,c-us-ak-anc,
2021-01-01 00:00:00,260233093.33999997,c-us-ak-anc,
2022-01-01 00:00:00,48832481.23,c-us-ak-anc,
2023-01-01 00:00:00,52101409.300000004,c-us-ak-anc,
2017-01-01 00:00:00,31111728.839999996,c-us-al-hsv,
2018-01-01 00:00:00,28954475.259999994,c-us-al-hsv,
2019-01-01 00:00:00,33981789.94,c-us-al-hsv,
2020-01-01 00:00:00,46086537.06999999,c-us-al-hsv,
2021-01-01 00:00:00,86584837.73,c-us-al-hsv,
2022-01-01 00:00:00,55375424.67999999,c-us-al-hsv,
2023-01-01 00:00:00,43407966.43,c-us-al-hsv,
2017-01-01 00:00:00,45683950.5,c-us-ar-lit,
2018-01-01 00:00:00,30655300.000000004,c-us-ar-lit,
2019-01-01 00:00:00,40269084.25,c-us-ar-lit,
2020-01-01 00:00:00,78644432.26,c-us-ar-lit,
2021-01-01 00:00:00,91878202.50999999,c-us-ar-lit,
2022-01-01 00:00:00,51988556.27,c-us-ar-lit,
2023-01-01 00:00:00,49198122.95,c-us-ar-lit,
2017-01-01 00:00:00,10368783.74,c-us-az-chd,
2018-01-01 00:00:00,13453711.52,c-us-az-chd,
2019-01-01 00:00:00,11960552.440000001,c-us-az-chd,
2020-01-01 00:00:00,12191963.919999998,c-us-az-chd,
2021-01-01 00:00:00,67713345.7,c-us-az-chd,
2022-01-01 00:00:00,14609820.76,c-us-az-chd,
2023-01-01 00:00:00,12322438.54,c-us-az-chd,
2017-01-01 00:00:00,16191,c-us-az-gbe,
2018-01-01 00:00:00,112655,c-us-az-gbe,
2019-01-01 00:00:00,14778,c-us-az-gbe,
2020-01-01 00:00:00,131266.84,c-us-az-gbe,
2021-01-01 00:00:00,32815917.06,c-us-az-gbe,
2022-01-01 00:00:00,479609.07000000007,c-us-az-gbe,
2023-01-01 00:00:00,464381.57000000007,c-us-az-gbe,
2017-01-01 00:00:00,18432353.57,c-us-az-gda,
2018-01-01 00:00:00,14301197.959999999,c-us-az-gda,
2019-01-01 00:00:00,23639607.22,c-us-az-gda,
2020-01-01 00:00:00,13889818.53,c-us-az-gda,
2021-01-01 00:00:00,119828747.77000001,c-us-az-gda,
2022-01-01 00:00:00,30610919.150000002,c-us-az-gda,
2023-01-01 00:00:00,24391196.189999998,c-us-az-gda,
2017-01-01 00:00:00,33372126.209999997,c-us-az-msc,
2018-01-01 00:00:00,28046948.94,c-us-az-msc,
2019-01-01 00:00:00,33457365.060000002,c-us-az-msc,
2020-01-01 00:00:00,158739890.56,c-us-az-msc,
2021-01-01 00:00:00,230713242.35,c-us-az-msc,
2022-01-01 00:00:00,52194941.67,c-us-az-msc,
2023-01-01 00:00:00,49308198.74,c-us-az-msc,
2017-01-01 00:00:00,351726737.43,c-us-az-phx,
2018-01-01 00:00:00,454593795.2099999,c-us-az-phx,
2019-01-01 00:00:00,527010698.2600001,c-us-az-phx,
2020-01-01 00:00:00,778210766.1499996,c-us-az-phx,
2021-01-01 00:00:00,2163532819.650001,c-us-az-phx,
2022-01-01 00:00:00,735026156.5900003,c-us-az-phx,
2023-01-01 00:00:00,603051451.66,c-us-az-phx,
2017-01-01 00:00:00,14532512,c-us-az-stz,
2018-01-01 00:00:00,10138522.93,c-us-az-stz,
2019-01-01 00:00:00,9536047.479999999,c-us-az-stz,
2020-01-01 00:00:00,8215475.200000001,c-us-az-stz,
2021-01-01 00:00:00,54195852.99,c-us-az-stz,
2022-01-01 00:00:00,13844759.059999999,c-us-az-stz,
2023-01-01 00:00:00,8534546.07,c-us-az-stz,
2017-01-01 00:00:00,523145,c-us-az-tpe,
2018-01-01 00:00:00,900177.97,c-us-az-tpe,
2019-01-01 00:00:00,3695424.1600000006,c-us-az-tpe,
2020-01-01 00:00:00,2412945.29,c-us-az-tpe,
2021-01-01 00:00:00,1727184.29,c-us-az-tpe,
2022-01-01 00:00:00,3244012.5200000005,c-us-az-tpe,
2023-01-01 00:00:00,1831950.12,c-us-az-tpe,
2017-01-01 00:00:00,72696532.41,c-us-az-tuz,
2018-01-01 00:00:00,106651909.77000003,c-us-az-tuz,
2019-01-01 00:00:00,113223248.48000002,c-us-az-tuz,
2020-01-01 00:00:00,242838659.85999992,c-us-az-tuz,
2021-01-01 00:00:00,359684652.71,c-us-az-tuz,
2022-01-01 00:00:00,84832060.22000003,c-us-az-tuz,
2023-01-01 00:00:00,157937766.73,c-us-az-tuz,
2017-01-01 00:00:00,15205021.66,c-us-ca-ana,
2018-01-01 00:00:00,11093832.069999998,c-us-ca-ana,
2019-01-01 00:00:00,12091978.649999999,c-us-ca-ana,
2020-01-01 00:00:00,20388702.11,c-us-ca-ana,
2021-01-01 00:00:00,231045120.03,c-us-ca-ana,
2022-01-01 00:00:00,5212820.209999999,c-us-ca-ana,
2023-01-01 00:00:00,17345185.52,c-us-ca-ana,
2017-01-01 00:00:00,4718891.53,c-us-ca-bfl,
2018-01-01 00:00:00,15416847.129999999,c-us-ca-bfl,
2019-01-01 00:00:00,20118754.609999996,c-us-ca-bfl,
2020-01-01 00:00:00,61783358.55,c-us-ca-bfl,
2021-01-01 00:00:00,155884607.87,c-us-ca-bfl,
2022-01-01 00:00:00,26344838.22,c-us-ca-bfl,
2023-01-01 00:00:00,19896651.77,c-us-ca-bfl,
2017-01-01 00:00:00,9357672.11,c-us-ca-cuv,
2018-01-01 00:00:00,6917288.28,c-us-ca-cuv,
2019-01-01 00:00:00,10167042.530000001,c-us-ca-cuv,
2020-01-01 00:00:00,5470176.68,c-us-ca-cuv,
2021-01-01 00:00:00,108321408.27,c-us-ca-cuv,
2022-01-01 00:00:00,948560.6300000007,c-us-ca-cuv,
2023-01-01 00:00:00,8398957.42,c-us-ca-cuv,
2017-01-01 00:00:00,65601016.95,c-us-ca-fat,
2018-01-01 00:00:00,50414202.190000005,c-us-ca-fat,
2019-01-01 00:00:00,70339698.59000002,c-us-ca-fat,
2020-01-01 00:00:00,171174815.91,c-us-ca-fat,
2021-01-01 00:00:00,329368141.11999995,c-us-ca-fat,
2022-01-01 00:00:00,88583059.39000002,c-us-ca-fat,
2023-01-01 00:00:00,78871746.93,c-us-ca-fat,
2017-01-01 00:00:00,2203211.44,c-us-ca-fnc,
2018-01-01 00:00:00,1897829.6400000001,c-us-ca-fnc,
2019-01-01 00:00:00,1930495.3,c-us-ca-fnc,
2020-01-01 00:00:00,1629435.1099999999,c-us-ca-fnc,
2021-01-01 00:00:00,67050121.01,c-us-ca-fnc,
2022-01-01 00:00:00,1421047.5,c-us-ca-fnc,
2023-01-01 00:00:00,2484827.97,c-us-ca-fnc,
2017-01-01 00:00:00,1938821,c-us-ca-ivn,
2018-01-01 00:00:00,2407654.85,c-us-ca-ivn,
2019-01-01 00:00:00,26183124.87,c-us-ca-ivn,
2020-01-01 00:00:00,4965188.930000002,c-us-ca-ivn,
2021-01-01 00:00:00,76624556.89999999,c-us-ca-ivn,
2022-01-01 00:00:00,4488073.8,c-us-ca-ivn,
2023-01-01 00:00:00,18020635.11,c-us-ca-ivn,
2017-01-01 00:00:00,302712563.3499999,c-us-ca-lax,
2018-01-01 00:00:00,284103703.80000013,c-us-ca-lax,
2019-01-01 00:00:00,396411827.6700002,c-us-ca-lax,
2020-01-01 00:00:00,1597295025.1600003,c-us-ca-lax,
2021-01-01 00:00:00,2530335088.9399986,c-us-ca-lax,
2022-01-01 00:00:00,820953248.0200001,c-us-ca-lax,
2023-01-01 00:00:00,605434127.5900002,c-us-ca-lax,
2017-01-01 00:00:00,188705230.13999996,c-us-ca-lgb,
2018-01-01 00:00:00,124031937.12,c-us-ca-lgb,
2019-01-01 00:00:00,199243825.65000007,c-us-ca-lgb,
2020-01-01 00:00:00,299043762.8,c-us-ca-lgb,
2021-01-01 00:00:00,425530747.78999996,c-us-ca-lgb,
2022-01-01 00:00:00,222708743.39999995,c-us-ca-lgb,
2023-01-01 00:00:00,198611716.43000004,c-us-ca-lgb,
2017-01-01 00:00:00,259581866.16999996,c-us-ca-oak,
2018-01-01 00:00:00,185034298.35,c-us-ca-oak,
2019-01-01 00:00:00,161286866.82999998,c-us-ca-oak,
2020-01-01 00:00:00,1261035977.9899998,c-us-ca-oak,
2021-01-01 00:00:00,2524772894.16,c-us-ca-oak,
2022-01-01 00:00:00,690523726.0300001,c-us-ca-oak,
2023-01-01 00:00:00,125900044.91,c-us-ca-oak,
2017-01-01 00:00:00,55325271.74,c-us-ca-ral,
2018-01-01 00:00:00,24168290.35,c-us-ca-ral,
2019-01-01 00:00:00,33835548,c-us-ca-ral,
2020-01-01 00:00:00,109037028.87,c-us-ca-ral,
2021-01-01 00:00:00,73470365.7,c-us-ca-ral,
2022-01-01 00:00:00,46575529.2,c-us-ca-ral,
2023-01-01 00:00:00,36429848.07,c-us-ca-ral,
2017-01-01 00:00:00,63699696.71999999,c-us-ca-sac,
2018-01-01 00:00:00,59930253.970000006,c-us-ca-sac,
2019-01-01 00:00:00,104063163.29,c-us-ca-sac,
2020-01-01 00:00:00,273143015.37,c-us-ca-sac,
2021-01-01 00:00:00,285774151.16999996,c-us-ca-sac,
2022-01-01 00:00:00,193707106.64,c-us-ca-sac,
2023-01-01 00:00:00,111777300.69,c-us-ca-sac,
2017-01-01 00:00:00,9771875.98,c-us-ca-sam,
2018-01-01 00:00:00,4561256,c-us-ca-sam,
2019-01-01 00:00:00,12591696.21,c-us-ca-sam,
2020-01-01 00:00:00,19789941.07,c-us-ca-sam,
2021-01-01 00:00:00,64129749.5,c-us-ca-sam,
2022-01-01 00:00:00,31330351.810000002,c-us-ca-sam,
2023-01-01 00:00:00,15727664.94,c-us-ca-sam,
2017-01-01 00:00:00,400338841.9000001,c-us-ca-san,
2018-01-01 00:00:00,455614832.2999999,c-us-ca-san,
2019-01-01 00:00:00,545948217,c-us-ca-san,
2020-01-01 00:00:00,965413984.7699999,c-us-ca-san,
2021-01-01 00:00:00,1132292362.56,c-us-ca-san,
2022-01-01 00:00:00,630813065.9,c-us-ca-san,
2023-01-01 00:00:00,648964399.6899999,c-us-ca-san,
2017-01-01 00:00:00,72147640.20999993,c-us-ca-sbt,
2018-01-01 00:00:00,22763578.679999996,c-us-ca-sbt,
2019-01-01 00:00:00,62236038.00000001,c-us-ca-sbt,
2020-01-01 00:00:00,181803785.49999988,c-us-ca-sbt,
2021-01-01 00:00:00,248361725.51000005,c-us-ca-sbt,
2022-01-01 00:00:00,62230112.369999975,c-us-ca-sbt,
2023-01-01 00:00:00,174322425.19,c-us-ca-sbt,
2017-01-01 00:00:00,32668281.69,c-us-ca-sck,
2018-01-01 00:00:00,29643249.4,c-us-ca-sck,
2019-01-01 00:00:00,33978473.47,c-us-ca-sck,
2020-01-01 00:00:00,55435640.19,c-us-ca-sck,
2021-01-01 00:00:00,63269657.61000001,c-us-ca-sck,
2022-01-01 00:00:00,22033068.5,c-us-ca-sck,
2023-01-01 00:00:00,40151530.83,c-us-ca-sck,
2017-01-01 00:00:00,1004833189.8100001,c-us-ca-sfo,
2018-01-01 00:00:00,615031694.9399999,c-us-ca-sfo,
2019-01-01 00:00:00,764114216.0600001,c-us-ca-sfo,
2020-01-01 00:00:00,1516630164.6199996,c-us-ca-sfo,
2021-01-01 00:00:00,2694785456.02,c-us-ca-sfo,
2022-01-01 00:00:00,1114509449.8000002,c-us-ca-sfo,
2023-01-01 00:00:00,566762212.3100001,c-us-ca-sfo,
2017-01-01 00:00:00,146414151.77,c-us-ca-sjc,
2018-01-01 00:00:00,237815303.1,c-us-ca-sjc,
2019-01-01 00:00:00,95128607.27,c-us-ca-sjc,
2020-01-01 00:00:00,415380074.87,c-us-ca-sjc,
2021-01-01 00:00:00,750133933.1299999,c-us-ca-sjc,
2022-01-01 00:00:00,128578365.97000001,c-us-ca-sjc,
2023-01-01 00:00:00,70820065.03999999,c-us-ca-sjc,
2017-01-01 00:00:00,53282387.93,c-us-ca-sna,
2018-01-01 00:00:00,44267865.9,c-us-ca-sna,
2019-01-01 00:00:00,59903543.02,c-us-ca-sna,
2020-01-01 00:00:00,62037297.330000006,c-us-ca-sna,
2021-01-01 00:00:00,247978461.55,c-us-ca-sna,
2022-01-01 00:00:00,53999844.66,c-us-ca-sna,
2023-01-01 00:00:00,46231714,c-us-ca-sna,
2017-01-01 00:00:00,4984374.55,c-us-co-auc,
2018-01-01 00:00:00,7788325,c-us-co-auc,
2019-01-01 00:00:00,9399245.32,c-us-co-auc,
2020-01-01 00:00:00,14102195.729999999,c-us-co-auc,
2021-01-01 00:00:00,103613116.32,c-us-co-auc,
2022-01-01 00:00:00,2847133.8799999994,c-us-co-auc,
2023-01-01 00:00:00,12535573.36,c-us-co-auc,
2017-01-01 00:00:00,46960114.53,c-us-co-cos,
2018-01-01 00:00:00,67000965.289999984,c-us-co-cos,
2019-01-01 00:00:00,42039939.080000006,c-us-co-cos,
2020-01-01 00:00:00,104150250.64000002,c-us-co-cos,
2021-01-01 00:00:00,182456141.20999998,c-us-co-cos,
2022-01-01 00:00:00,62347714.410000004,c-us-co-cos,
2023-01-01 00:00:00,56503851.29000001,c-us-co-cos,
2017-01-01 00:00:00,926409826.81,c-us-co-den,
2018-01-01 00:00:00,757356082.7299999,c-us-co-den,
2019-01-01 00:00:00,949749537.9500002,c-us-co-den,
2020-01-01 00:00:00,2397212557.6000004,c-us-co-den,
2021-01-01 00:00:00,4360172807.109999,c-us-co-den,
2022-01-01 00:00:00,2766031187.149999,c-us-co-den,
2023-01-01 00:00:00,1784706962.1399999,c-us-co-den,
2017-01-01 00:00:00,81730929.82000001,c-us-ct-bdr,
2018-01-01 00:00:00,67427914.77000001,c-us-ct-bdr,
2019-01-01 00:00:00,68390739.15,c-us-ct-bdr,
2020-01-01 00:00:00,88045923.03000002,c-us-ct-bdr,
2021-01-01 00:00:00,163050725.01000002,c-us-ct-bdr,
2022-01-01 00:00:00,77031683.44,c-us-ct-bdr,
2023-01-01 00:00:00,80215458.11999999,c-us-ct-bdr,
2017-01-01 00:00:00,549249732.12,c-us-dc-was,
2018-01-01 00:00:00,501424372.9700001,c-us-dc-was,
2019-01-01 00:00:00,570558274.1100001,c-us-dc-was,
2020-01-01 00:00:00,1201058011.44,c-us-dc-was,
2021-01-01 00:00:00,2102702422.6499996,c-us-dc-was,
2022-01-01 00:00:00,1462855251.6800005,c-us-dc-was,
2023-01-01 00:00:00,1095712558.9900002,c-us-dc-was,
2017-01-01 00:00:00,35647811.81,c-us-de-ilg,
2018-01-01 00:00:00,36152176.480000004,c-us-de-ilg,
2019-01-01 00:00:00,35255409.66,c-us-de-ilg,
2020-01-01 00:00:00,41963472.11,c-us-de-ilg,
2021-01-01 00:00:00,98089877,c-us-de-ilg,
2022-01-01 00:00:00,43848982.68,c-us-de-ilg,
2023-01-01 00:00:00,88134196,c-us-de-ilg,
2017-01-01 00:00:00,71630397.33,c-us-fl-hlf,
2018-01-01 00:00:00,61156135,c-us-fl-hlf,
2019-01-01 00:00:00,63243821,c-us-fl-hlf,
2020-01-01 00:00:00,71556683.24000001,c-us-fl-hlf,
2021-01-01 00:00:00,153462649.93,c-us-fl-hlf,
2022-01-01 00:00:00,80788280.59,c-us-fl-hlf,
2023-01-01 00:00:00,57725315.830000006,c-us-fl-hlf,
2017-01-01 00:00:00,168484937.64999998,c-us-fl-jax,
2018-01-01 00:00:00,158875748.24,c-us-fl-jax,
2019-01-01 00:00:00,143255418.78000003,c-us-fl-jax,
2020-01-01 00:00:00,479476649.74,c-us-fl-jax,
2021-01-01 00:00:00,804027615.8100001,c-us-fl-jax,
2022-01-01 00:00:00,171000582.67999998,c-us-fl-jax,
2023-01-01 00:00:00,179934235.82000002,c-us-fl-jax,
2017-01-01 00:00:00,12373380.819999998,c-us-fl-mia,
2018-01-01 00:00:00,51403992.169999994,c-us-fl-mia,
2019-01-01 00:00:00,31742061.94999999,c-us-fl-mia,
2020-01-01 00:00:00,69182939.33,c-us-fl-mia,
2021-01-01 00:00:00,240644127.2,c-us-fl-mia,
2022-01-01 00:00:00,46679014.260000005,c-us-fl-mia,
2023-01-01 00:00:00,38233275.339999996,c-us-fl-mia,
2017-01-01 00:00:00,24867556.6,c-us-fl-orl,
2018-01-01 00:00:00,25609886.7,c-us-fl-orl,
2019-01-01 00:00:00,38207353.20999999,c-us-fl-orl,
2020-01-01 00:00:00,193400918.37,c-us-fl-orl,
2021-01-01 00:00:00,327007610.5299999,c-us-fl-orl,
2022-01-01 00:00:00,73782717.87,c-us-fl-orl,
2023-01-01 00:00:00,252099786.50000003,c-us-fl-orl,
2017-01-01 00:00:00,6065558.6,c-us-fl-pie,
2018-01-01 00:00:00,5280386.21,c-us-fl-pie,
2019-01-01 00:00:00,8320317,c-us-fl-pie,
2020-01-01 00:00:00,10942336.31,c-us-fl-pie,
2021-01-01 00:00:00,75470682.17,c-us-fl-pie,
2022-01-01 00:00:00,1651864.9600000004,c-us-fl-pie,
2023-01-01 00:00:00,11943832.8,c-us-fl-pie,
2017-01-01 00:00:00,184335844.9,c-us-fl-tpa,
2018-01-01 00:00:00,137087282.76999998,c-us-fl-tpa,
2019-01-01 00:00:00,138831174.76,c-us-fl-tpa,
2020-01-01 00:00:00,181750085.45999998,c-us-fl-tpa,
2021-01-01 00:00:00,314047162.89000005,c-us-fl-tpa,
2022-01-01 00:00:00,251390548.84,c-us-fl-tpa,
2023-01-01 00:00:00,186574207.76000002,c-us-fl-tpa,
2017-01-01 00:00:00,151002195.75,c-us-ga-atl,
2018-01-01 00:00:00,156109660.07999998,c-us-ga-atl,
2019-01-01 00:00:00,165721105.91000003,c-us-ga-atl,
2020-01-01 00:00:00,663171128.41,c-us-ga-atl,
2021-01-01 00:00:00,657748690.54,c-us-ga-atl,
2022-01-01 00:00:00,212651068.18000004,c-us-ga-atl,
2023-01-01 00:00:00,220637033.84,c-us-ga-atl,
2017-01-01 00:00:00,89079893.04999998,c-us-hi-hnl,
2018-01-01 00:00:00,134627206.23000002,c-us-hi-hnl,
2019-01-01 00:00:00,80874424.8,c-us-hi-hnl,
2020-01-01 00:00:00,1005140478.69,c-us-hi-hnl,
2021-01-01 00:00:00,769712999.0499997,c-us-hi-hnl,
2022-01-01 00:00:00,388489234.59000003,c-us-hi-hnl,
2023-01-01 00:00:00,220035874.41,c-us-hi-hnl,
2017-01-01 00:00:00,57723133.93,c-us-ia-dsm,
2018-01-01 00:00:00,51353851.269999996,c-us-ia-dsm,
2019-01-01 00:00:00,60604935.00999999,c-us-ia-dsm,
2020-01-01 00:00:00,107177335.48000002,c-us-ia-dsm,
2021-01-01 00:00:00,195553304.38,c-us-ia-dsm,
2022-01-01 00:00:00,74462619.67999999,c-us-ia-dsm,
2023-01-01 00:00:00,102563773.81,c-us-ia-dsm,
2017-01-01 00:00:00,22141501.490000002,c-us-id-boi,
2018-01-01 00:00:00,18423090.15,c-us-id-boi,
2019-01-01 00:00:00,21706373.65,c-us-id-boi,
2020-01-01 00:00:00,42521049.62,c-us-id-boi,
2021-01-01 00:00:00,108130185.55000001,c-us-id-boi,
2022-01-01 00:00:00,53680217.24,c-us-id-boi,
2023-01-01 00:00:00,30340563.349999998,c-us-id-boi,
2017-01-01 00:00:00,2134387710.06,c-us-il-chi,
2018-01-01 00:00:00,2020027861.1100001,c-us-il-chi,
2019-01-01 00:00:00,1899108548.4899998,c-us-il-chi,
2020-01-01 00:00:00,4100899867.27,c-us-il-chi,
2021-01-01 00:00:00,5035310310.749998,c-us-il-chi,
2022-01-01 00:00:00,3807329155.739999,c-us-il-chi,
2023-01-01 00:00:00,1869204304.13,c-us-il-chi,
2017-01-01 00:00:00,19696365.15,c-us-in-fwa,
2018-01-01 00:00:00,29275352,c-us-in-fwa,
2019-01-01 00:00:00,43289775.2,c-us-in-fwa,
2020-01-01 00:00:00,52019987.73,c-us-in-fwa,
2021-01-01 00:00:00,105276413.42999999,c-us-in-fwa,
2022-01-01 00:00:00,6690378.9,c-us-in-fwa,
2023-01-01 00:00:00,48698754.720000006,c-us-in-fwa,
2017-01-01 00:00:00,137689742.57999998,c-us-in-ind,
2018-01-01 00:00:00,162281754.34,c-us-in-ind,
2019-01-01 00:00:00,168897085.9399999,c-us-in-ind,
2020-01-01 00:00:00,444066552.1800002,c-us-in-ind,
2021-01-01 00:00:00,684135161.8299998,c-us-in-ind,
2022-01-01 00:00:00,237354966.11,c-us-in-ind,
2023-01-01 00:00:00,214749716.47999993,c-us-in-ind,
2017-01-01 00:00:00,26662630.39,c-us-in-sbn,
2018-01-01 00:00:00,26305342.429999996,c-us-in-sbn,
2019-01-01 00:00:00,36724381.489999995,c-us-in-sbn,
2020-01-01 00:00:00,55313136.120000005,c-us-in-sbn,
2021-01-01 00:00:00,113459867.07999998,c-us-in-sbn,
2022-01-01 00:00:00,40886336.76,c-us-in-sbn,
2023-01-01 00:00:00,38484454.04,c-us-in-sbn,
2017-01-01 00:00:00,44019785.83,c-us-ks-ict,
2018-01-01 00:00:00,41220782,c-us-ks-ict,
2019-01-01 00:00:00,59569390.45999999,c-us-ks-ict,
2020-01-01 00:00:00,66096238.989999995,c-us-ks-ict,
2021-01-01 00:00:00,116803467.86,c-us-ks-ict,
2022-01-01 00:00:00,88224211.81,c-us-ks-ict,
2023-01-01 00:00:00,45815818.45,c-us-ks-ict,
2017-01-01 00:00:00,12755495.94,c-us-ky-lex,
2018-01-01 00:00:00,26177602.660000004,c-us-ky-lex,
2019-01-01 00:00:00,22000016.150000002,c-us-ky-lex,
2020-01-01 00:00:00,45461829.88999999,c-us-ky-lex,
2021-01-01 00:00:00,215292457.1,c-us-ky-lex,
2022-01-01 00:00:00,54604520.059999995,c-us-ky-lex,
2023-01-01 00:00:00,40466709.97,c-us-ky-lex,
2017-01-01 00:00:00,161420610.09,c-us-ky-lui,
2018-01-01 00:00:00,135583724,c-us-ky-lui,
2019-01-01 00:00:00,131230177.35,c-us-ky-lui,
2020-01-01 00:00:00,306970368.36,c-us-ky-lui,
2021-01-01 00:00:00,642620541.69,c-us-ky-lui,
2022-01-01 00:00:00,230459075.06,c-us-ky-lui,
2023-01-01 00:00:00,144059145,c-us-ky-lui,
2017-01-01 00:00:00,58889888.64,c-us-la-btr,
2018-01-01 00:00:00,38693041,c-us-la-btr,
2019-01-01 00:00:00,45127075.410000004,c-us-la-btr,
2020-01-01 00:00:00,91421075.55,c-us-la-btr,
2021-01-01 00:00:00,257997754.42999998,c-us-la-btr,
2022-01-01 00:00:00,76235979.53,c-us-la-btr,
2023-01-01 00:00:00,29592504.159999996,c-us-la-btr,
2017-01-01 00:00:00,206866196.29999998,c-us-la-msy,
2018-01-01 00:00:00,40316844.15,c-us-la-msy,
2019-01-01 00:00:00,35664888.86,c-us-la-msy,
2020-01-01 00:00:00,61676686.019999996,c-us-la-msy,
2021-01-01 00:00:00,935836064.12,c-us-la-msy,
2022-01-01 00:00:00,99405170.51,c-us-la-msy,
2023-01-01 00:00:00,6014714.069999997,c-us-la-msy,
2017-01-01 00:00:00,127513035.30999994,c-us-ma-bos,
2018-01-01 00:00:00,125830151.04000007,c-us-ma-bos,
2019-01-01 00:00:00,134816714.21000007,c-us-ma-bos,
2020-01-01 00:00:00,194329701.97999993,c-us-ma-bos,
2021-01-01 00:00:00,186674031.03999996,c-us-ma-bos,
2022-01-01 00:00:00,198151068.76000005,c-us-ma-bos,
2023-01-01 00:00:00,174833888.93999997,c-us-ma-bos,
2017-01-01 00:00:00,92129743.46000001,c-us-md-bal,
2018-01-01 00:00:00,111957664.23000002,c-us-md-bal,
2019-01-01 00:00:00,111003228.71999995,c-us-md-bal,
2020-01-01 00:00:00,214457181.09,c-us-md-bal,
2021-01-01 00:00:00,181623178.62,c-us-md-bal,
2022-01-01 00:00:00,108642767.16999997,c-us-md-bal,
2023-01-01 00:00:00,121127095.38000003,c-us-md-bal,
2017-01-01 00:00:00,46542028.589999996,c-us-me-pwm,
2018-01-01 00:00:00,47651974.68,c-us-me-pwm,
2019-01-01 00:00:00,60787477.589999996,c-us-me-pwm,
2020-01-01 00:00:00,76054930.69999999,c-us-me-pwm,
2021-01-01 00:00:00,135383332.23000002,c-us-me-pwm,
2022-01-01 00:00:00,69638734.92,c-us-me-pwm,
2023-01-01 00:00:00,62251392.4,c-us-me-pwm,
2017-01-01 00:00:00,230715170.89,c-us-mi-det,
2018-01-01 00:00:00,229979662,c-us-mi-det,
2019-01-01 00:00:00,239981326.08000004,c-us-mi-det,
2020-01-01 00:00:00,541171076.1699998,c-us-mi-det,
2021-01-01 00:00:00,1282596190.0499997,c-us-mi-det,
2022-01-01 00:00:00,370199923.03,c-us-mi-det,
2023-01-01 00:00:00,381735179.08,c-us-mi-det,
2017-01-01 00:00:00,134471344.22,c-us-mn-mes,
2018-01-01 00:00:00,121702916.14000002,c-us-mn-mes,
2019-01-01 00:00:00,121207434.8,c-us-mn-mes,
2020-01-01 00:00:00,170461412.79999998,c-us-mn-mes,
2021-01-01 00:00:00,459920107.27,c-us-mn-mes,
2022-01-01 00:00:00,169558810.86,c-us-mn-mes,
2023-01-01 00:00:00,129655188.39999999,c-us-mn-mes,
2017-01-01 00:00:00,7398067.28,c-us-mn-rst,
2018-01-01 00:00:00,7857226.130000001,c-us-mn-rst,
2019-01-01 00:00:00,10593245.870000001,c-us-mn-rst,
2020-01-01 00:00:00,25290929.45,c-us-mn-rst,
2021-01-01 00:00:00,32652288.400000006,c-us-mn-rst,
2022-01-01 00:00:00,9333802.77,c-us-mn-rst,
2023-01-01 00:00:00,35208310.33,c-us-mn-rst,
2017-01-01 00:00:00,18504195.83,c-us-mn-stp,
2018-01-01 00:00:00,18745261.049999997,c-us-mn-stp,
2019-01-01 00:00:00,14876671.519999996,c-us-mn-stp,
2020-01-01 00:00:00,29980954.970000003,c-us-mn-stp,
2021-01-01 00:00:00,35562314.64000001,c-us-mn-stp,
2022-01-01 00:00:00,19717880.73,c-us-mn-stp,
2023-01-01 00:00:00,13714251.840000002,c-us-mn-stp,
2017-01-01 00:00:00,205693235.80999997,c-us-mo-mkc,
2018-01-01 00:00:00,205118539.89999998,c-us-mo-mkc,
2019-01-01 00:00:00,148903695.99,c-us-mo-mkc,
2020-01-01 00:00:00,294723716.58000004,c-us-mo-mkc,
2021-01-01 00:00:00,688833016.4600002,c-us-mo-mkc,
2022-01-01 00:00:00,292145567.28999996,c-us-mo-mkc,
2023-01-01 00:00:00,187243708.03,c-us-mo-mkc,
2017-01-01 00:00:00,229222586.88000003,c-us-mo-stl,
2018-01-01 00:00:00,162778093.68000007,c-us-mo-stl,
2019-01-01 00:00:00,176208094.79000005,c-us-mo-stl,
2020-01-01 00:00:00,340686026.65000004,c-us-mo-stl,
2021-01-01 00:00:00,395768191.65999997,c-us-mo-stl,
2022-01-01 00:00:00,238805224.87999997,c-us-mo-stl,
2023-01-01 00:00:00,201617711.99999997,c-us-mo-stl,
2017-01-01 00:00:00,28243810.56,c-us-ms-jan,
2018-01-01 00:00:00,18030488.96,c-us-ms-jan,
2019-01-01 00:00:00,23958742,c-us-ms-jan,
2020-01-01 00:00:00,28273423.57,c-us-ms-jan,
2021-01-01 00:00:00,87289801.30999999,c-us-ms-jan,
2022-01-01 00:00:00,22535997.2,c-us-ms-jan,
2023-01-01 00:00:00,31330630,c-us-ms-jan,
2017-01-01 00:00:00,16170342.57,c-us-mt-bil,
2018-01-01 00:00:00,14866204.65,c-us-mt-bil,
2019-01-01 00:00:00,20340363.5,c-us-mt-bil,
2020-01-01 00:00:00,41077140.449999996,c-us-mt-bil,
2021-01-01 00:00:00,52255173.75,c-us-mt-bil,
2022-01-01 00:00:00,31371329.02,c-us-mt-bil,
2023-01-01 00:00:00,20517662.85,c-us-mt-bil,
2017-01-01 00:00:00,82434799.31999996,c-us-nc-clt,
2018-01-01 00:00:00,79785518.76000002,c-us-nc-clt,
2019-01-01 00:00:00,73422609.86,c-us-nc-clt,
2020-01-01 00:00:00,80332714.00999999,c-us-nc-clt,
2021-01-01 00:00:00,90607809.95,c-us-nc-clt,
2022-01-01 00:00:00,90536577.97,c-us-nc-clt,
2023-01-01 00:00:00,78074445.22,c-us-nc-clt,
2017-01-01 00:00:00,55038920.870000005,c-us-nc-dur,
2018-01-01 00:00:00,49263201.14,c-us-nc-dur,
2019-01-01 00:00:00,49933044.47,c-us-nc-dur,
2020-01-01 00:00:00,96366850.05,c-us-nc-dur,
2021-01-01 00:00:00,133471409.17999998,c-us-nc-dur,
2022-01-01 00:00:00,87754470.46000001,c-us-nc-dur,
2023-01-01 00:00:00,74858739.43,c-us-nc-dur,
2017-01-01 00:00:00,31410592.51,c-us-nc-gbo,
2018-01-01 00:00:00,28101744,c-us-nc-gbo,
2019-01-01 00:00:00,27990815.09,c-us-nc-gbo,
2020-01-01 00:00:00,63464777.25000001,c-us-nc-gbo,
2021-01-01 00:00:00,157621832.47000003,c-us-nc-gbo,
2022-01-01 00:00:00,75621441.11,c-us-nc-gbo,
2023-01-01 00:00:00,49120794.84,c-us-nc-gbo,
2017-01-01 00:00:00,57675501.74,c-us-nc-int,
2018-01-01 00:00:00,55492902.32000001,c-us-nc-int,
2019-01-01 00:00:00,50873568,c-us-nc-int,
2020-01-01 00:00:00,94368017.98999998,c-us-nc-int,
2021-01-01 00:00:00,142691930.00000003,c-us-nc-int,
2022-01-01 00:00:00,50003571.71,c-us-nc-int,
2023-01-01 00:00:00,53778455.09,c-us-nc-int,
2017-01-01 00:00:00,89787258.98,c-us-nc-rag,
2018-01-01 00:00:00,54049226.42,c-us-nc-rag,
2019-01-01 00:00:00,68221450.22999999,c-us-nc-rag,
2020-01-01 00:00:00,111971817.74,c-us-nc-rag,
2021-01-01 00:00:00,190710195.48999998,c-us-nc-rag,
2022-01-01 00:00:00,115673855.98,c-us-nc-rag,
2023-01-01 00:00:00,95819196.05,c-us-nc-rag,
2017-01-01 00:00:00,4032268.24,c-us-nd-far,
2018-01-01 00:00:00,5481525.23,c-us-nd-far,
2019-01-01 00:00:00,4445747.070000001,c-us-nd-far,
2020-01-01 00:00:00,12208940.72,c-us-nd-far,
2021-01-01 00:00:00,35775191.63999999,c-us-nd-far,
2022-01-01 00:00:00,11831231.8,c-us-nd-far,
2023-01-01 00:00:00,12548668.68,c-us-nd-far,
2017-01-01 00:00:00,34927759.75,c-us-ne-lnk,
2018-01-01 00:00:00,38510551.629999995,c-us-ne-lnk,
2019-01-01 00:00:00,31059655.41,c-us-ne-lnk,
2020-01-01 00:00:00,54660672.419999994,c-us-ne-lnk,
2021-01-01 00:00:00,125515113.25000001,c-us-ne-lnk,
2022-01-01 00:00:00,44049692.77,c-us-ne-lnk,
2023-01-01 00:00:00,40943059.64,c-us-ne-lnk,
2017-01-01 00:00:00,27942704.67,c-us-ne-oma,
2018-01-01 00:00:00,23606507.03,c-us-ne-oma,
2019-01-01 00:00:00,69175838.58000001,c-us-ne-oma,
2020-01-01 00:00:00,65014421.18000001,c-us-ne-oma,
2021-01-01 00:00:00,244491010.43000004,c-us-ne-oma,
2022-01-01 00:00:00,113077577.24999999,c-us-ne-oma,
2023-01-01 00:00:00,82635665.16999999,c-us-ne-oma,
2017-01-01 00:00:00,6286436,c-us-nh-mht,
2018-01-01 00:00:00,5618548,c-us-nh-mht,
2019-01-01 00:00:00,5939596.049999999,c-us-nh-mht,
2020-01-01 00:00:00,13943373.8,c-us-nh-mht,
2021-01-01 00:00:00,53427079.57000001,c-us-nh-mht,
2022-01-01 00:00:00,8465720.75,c-us-nh-mht,
2023-01-01 00:00:00,12049216.89,c-us-nh-mht,
2017-01-01 00:00:00,207418078.04,c-us-nj-ewr,
2018-01-01 00:00:00,190717510.41,c-us-nj-ewr,
2019-01-01 00:00:00,195120551.62000003,c-us-nj-ewr,
2020-01-01 00:00:00,205776718.85,c-us-nj-ewr,
2021-01-01 00:00:00,460930322.41999996,c-us-nj-ewr,
2022-01-01 00:00:00,200087056.98,c-us-nj-ewr,
2023-01-01 00:00:00,202438170.00999996,c-us-nj-ewr,
2017-01-01 00:00:00,5378,c-us-nj-jec,
2018-01-01 00:00:00,-1038728,c-us-nj-jec,
2019-01-01 00:00:00,9313387.83,c-us-nj-jec,
2020-01-01 00:00:00,-164528.75999999978,c-us-nj-jec,
2021-01-01 00:00:00,535868.94,c-us-nj-jec,
2022-01-01 00:00:00,1976245.88,c-us-nj-jec,
2023-01-01 00:00:00,3818495.86,c-us-nj-jec,
2017-01-01 00:00:00,80872177.83999999,c-us-nm-abq,
2018-01-01 00:00:00,127801620.19000001,c-us-nm-abq,
2019-01-01 00:00:00,107895787.86999997,c-us-nm-abq,
2020-01-01 00:00:00,287420300.96,c-us-nm-abq,
2021-01-01 00:00:00,362263275.15999997,c-us-nm-abq,
2022-01-01 00:00:00,139670797.74999988,c-us-nm-abq,
2023-01-01 00:00:00,134473131.5,c-us-nm-abq,
2019-01-01 00:00:00,32220.08,c-us-nv-hnz,
2020-01-01 00:00:00,16264.230000000001,c-us-nv-hnz,
2021-01-01 00:00:00,2011905,c-us-nv-hnz,
2022-01-01 00:00:00,-423484.6,c-us-nv-hnz,
2023-01-01 00:00:00,28448.220000000005,c-us-nv-hnz,
2017-01-01 00:00:00,48800674.05,c-us-nv-las,
2018-01-01 00:00:00,43040455.01,c-us-nv-las,
2019-01-01 00:00:00,49871319.05,c-us-nv-las,
2020-01-01 00:00:00,192808649.04,c-us-nv-las,
2021-01-01 00:00:00,307352922.62,c-us-nv-las,
2022-01-01 00:00:00,237365589.09,c-us-nv-las,
2023-01-01 00:00:00,204706623.47,c-us-nv-las,
2017-01-01 00:00:00,9611482,c-us-nv-nvs,
2018-01-01 00:00:00,2008220.5,c-us-nv-nvs,
2019-01-01 00:00:00,8397337.780000001,c-us-nv-nvs,
2020-01-01 00:00:00,14168544.09,c-us-nv-nvs,
2021-01-01 00:00:00,64116469.879999995,c-us-nv-nvs,
2022-01-01 00:00:00,14313200.89,c-us-nv-nvs,
2023-01-01 00:00:00,5860394.45,c-us-nv-nvs,
2017-01-01 00:00:00,79496641.89999998,c-us-nv-rno,
2018-01-01 00:00:00,41618829.75,c-us-nv-rno,
2019-01-01 00:00:00,114437542.29999997,c-us-nv-rno,
2020-01-01 00:00:00,149604739.34000003,c-us-nv-rno,
2021-01-01 00:00:00,180569727.93,c-us-nv-rno,
2022-01-01 00:00:00,65961738.00999999,c-us-nv-rno,
2023-01-01 00:00:00,76257737.3,c-us-nv-rno,
2017-01-01 00:00:00,66610221,c-us-ny-buf,
2018-01-01 00:00:00,55949587,c-us-ny-buf,
2019-01-01 00:00:00,66377108.11,c-us-ny-buf,
2020-01-01 00:00:00,66015630.60999999,c-us-ny-buf,
2021-01-01 00:00:00,424649454.1000001,c-us-ny-buf,
2022-01-01 00:00:00,59650346.47,c-us-ny-buf,
2023-01-01 00:00:00,55899985.31,c-us-ny-buf,
2017-01-01 00:00:00,5837723547.439999,c-us-ny-nyc,
2018-01-01 00:00:00,3631946050.739999,c-us-ny-nyc,
2019-01-01 00:00:00,4309007946.31,c-us-ny-nyc,
2020-01-01 00:00:00,5320075284.530006,c-us-ny-nyc,
2021-01-01 00:00:00,13305032756.600004,c-us-ny-nyc,
2022-01-01 00:00:00,8386297443.219999,c-us-ny-nyc,
2023-01-01 00:00:00,6310910852.530001,c-us-ny-nyc,
2017-01-01 00:00:00,310097082.48,c-us-oh-cle,
2018-01-01 00:00:00,246164643.08,c-us-oh-cle,
2019-01-01 00:00:00,275580253.59,c-us-oh-cle,
2020-01-01 00:00:00,344630800.02,c-us-oh-cle,
2021-01-01 00:00:00,465690026.05,c-us-oh-cle,
2022-01-01 00:00:00,266514764.37,c-us-oh-cle,
2023-01-01 00:00:00,204766493.44,c-us-oh-cle,
2017-01-01 00:00:00,191353999.12,c-us-oh-cmh,
2018-01-01 00:00:00,198537312.35,c-us-oh-cmh,
2019-01-01 00:00:00,204933660.95,c-us-oh-cmh,
2020-01-01 00:00:00,493296722.49,c-us-oh-cmh,
2021-01-01 00:00:00,698851207.46,c-us-oh-cmh,
2022-01-01 00:00:00,217769729.87,c-us-oh-cmh,
2023-01-01 00:00:00,296645357.08,c-us-oh-cmh,
2017-01-01 00:00:00,52991728.019999996,c-us-oh-cvg,
2018-01-01 00:00:00,55985336.360000014,c-us-oh-cvg,
2019-01-01 00:00:00,42111120.109999985,c-us-oh-cvg,
2020-01-01 00:00:00,103349410.41999999,c-us-oh-cvg,
2021-01-01 00:00:00,687557629.6999998,c-us-oh-cvg,
2022-01-01 00:00:00,72672365.7,c-us-oh-cvg,
2023-01-01 00:00:00,47431543.54,c-us-oh-cvg,
2017-01-01 00:00:00,27789301.360000003,c-us-oh-tol,
2018-01-01 00:00:00,26338227.01,c-us-oh-tol,
2019-01-01 00:00:00,29249556.25,c-us-oh-tol,
2020-01-01 00:00:00,57826678.74,c-us-oh-tol,
2021-01-01 00:00:00,262844647.15000004,c-us-oh-tol,
2022-01-01 00:00:00,75061153.58999999,c-us-oh-tol,
2023-01-01 00:00:00,30509506.339999996,c-us-oh-tol,
2017-01-01 00:00:00,88504189.69999999,c-us-ok-okc,
2018-01-01 00:00:00,74860332.5,c-us-ok-okc,
2019-01-01 00:00:00,85558699.72,c-us-ok-okc,
2020-01-01 00:00:00,292989460.1500001,c-us-ok-okc,
2021-01-01 00:00:00,304040834.04000014,c-us-ok-okc,
2022-01-01 00:00:00,132007912.73,c-us-ok-okc,
2023-01-01 00:00:00,88104003.35,c-us-ok-okc,
2017-01-01 00:00:00,27758003.66,c-us-ok-tul,
2018-01-01 00:00:00,38635964.739999995,c-us-ok-tul,
2019-01-01 00:00:00,18429689.240000002,c-us-ok-tul,
2020-01-01 00:00:00,69873024.97,c-us-ok-tul,
2021-01-01 00:00:00,161926386.8,c-us-ok-tul,
2022-01-01 00:00:00,57365304.449999996,c-us-ok-tul,
2023-01-01 00:00:00,25794262.35,c-us-ok-tul,
2017-01-01 00:00:00,250797363.45000005,c-us-or-pdx,
2018-01-01 00:00:00,218302811.18,c-us-or-pdx,
2019-01-01 00:00:00,283265505.26,c-us-or-pdx,
2020-01-01 00:00:00,653744108.2700001,c-us-or-pdx,
2021-01-01 00:00:00,1169562024.9099998,c-us-or-pdx,
2022-01-01 00:00:00,229710427.36999997,c-us-or-pdx,
2023-01-01 00:00:00,189408698.15000004,c-us-or-pdx,
2017-01-01 00:00:00,366673853.09999996,c-us-pa-phl,
2018-01-01 00:00:00,441385048.11999995,c-us-pa-phl,
2019-01-01 00:00:00,407939712.1199997,c-us-pa-phl,
2020-01-01 00:00:00,1044011416.7499995,c-us-pa-phl,
2021-01-01 00:00:00,2442659748.75,c-us-pa-phl,
2022-01-01 00:00:00,788990081.4499999,c-us-pa-phl,
2023-01-01 00:00:00,771775303.3400002,c-us-pa-phl,
2017-01-01 00:00:00,144452959.29000002,c-us-pa-pit,
2018-01-01 00:00:00,142725914.23000002,c-us-pa-pit,
2019-01-01 00:00:00,142885028.45,c-us-pa-pit,
2020-01-01 00:00:00,149751243.39999998,c-us-pa-pit,
2021-01-01 00:00:00,504085966.52,c-us-pa-pit,
2022-01-01 00:00:00,183221561.82,c-us-pa-pit,
2023-01-01 00:00:00,154694200.78,c-us-pa-pit,
2017-01-01 00:00:00,67887034.03,c-us-ri-pvd,
2018-01-01 00:00:00,55510978,c-us-ri-pvd,
2019-01-01 00:00:00,58966438.88,c-us-ri-pvd,
2020-01-01 00:00:00,68437907.15,c-us-ri-pvd,
2021-01-01 00:00:00,221525050.46,c-us-ri-pvd,
2022-01-01 00:00:00,76753445.76,c-us-ri-pvd,
2023-01-01 00:00:00,70171164.43,c-us-ri-pvd,
2017-01-01 00:00:00,37190537.19,c-us-sc-chs,
2018-01-01 00:00:00,27954877.240000002,c-us-sc-chs,
2019-01-01 00:00:00,36628514.18,c-us-sc-chs,
2020-01-01 00:00:00,51696828.379999995,c-us-sc-chs,
2021-01-01 00:00:00,67605514.34,c-us-sc-chs,
2022-01-01 00:00:00,80281828,c-us-sc-chs,
2023-01-01 00:00:00,36535735.39,c-us-sc-chs,
2017-01-01 00:00:00,36612169,c-us-sd-fsd,
2018-01-01 00:00:00,29752849.459999997,c-us-sd-fsd,
2019-01-01 00:00:00,36509282.06,c-us-sd-fsd,
2020-01-01 00:00:00,72341293.75999999,c-us-sd-fsd,
2021-01-01 00:00:00,85145136.03999999,c-us-sd-fsd,
2022-01-01 00:00:00,39239118.72,c-us-sd-fsd,
2023-01-01 00:00:00,21502820.18,c-us-sd-fsd,
2017-01-01 00:00:00,140897980.01000005,c-us-tn-bna,
2018-01-01 00:00:00,147298104.42,c-us-tn-bna,
2019-01-01 00:00:00,142221304.36,c-us-tn-bna,
2020-01-01 00:00:00,444050057.51000005,c-us-tn-bna,
2021-01-01 00:00:00,643985289.6999999,c-us-tn-bna,
2022-01-01 00:00:00,162584485.61,c-us-tn-bna,
2023-01-01 00:00:00,172037871.73,c-us-tn-bna,
2017-01-01 00:00:00,34398137.83000003,c-us-tn-cha,
2018-01-01 00:00:00,32284800.05,c-us-tn-cha,
2019-01-01 00:00:00,28452188.520000003,c-us-tn-cha,
2020-01-01 00:00:00,47077984.62000004,c-us-tn-cha,
2021-01-01 00:00:00,117381878.57000008,c-us-tn-cha,
2022-01-01 00:00:00,51174179.22000005,c-us-tn-cha,
2023-01-01 00:00:00,39588121.080000006,c-us-tn-cha,
2017-01-01 00:00:00,211727920.16,c-us-tn-mem,
2018-01-01 00:00:00,198858094.39000002,c-us-tn-mem,
2019-01-01 00:00:00,187828891.25,c-us-tn-mem,
2020-01-01 00:00:00,382713976.1399999,c-us-tn-mem,
2021-01-01 00:00:00,582402522.6800001,c-us-tn-mem,
2022-01-01 00:00:00,229895371.38000003,c-us-tn-mem,
2023-01-01 00:00:00,224412040.94,c-us-tn-mem,
2017-01-01 00:00:00,14994502,c-us-tx-arj,
2018-01-01 00:00:00,10343742.83,c-us-tx-arj,
2019-01-01 00:00:00,19297433.17,c-us-tx-arj,
2020-01-01 00:00:00,46679971.79,c-us-tx-arj,
2021-01-01 00:00:00,134200397.86000001,c-us-tx-arj,
2022-01-01 00:00:00,49402738.16,c-us-tx-arj,
2023-01-01 00:00:00,43140044.56,c-us-tx-arj,
2017-01-01 00:00:00,145702641.86,c-us-tx-aus,
2018-01-01 00:00:00,110976460.98,c-us-tx-aus,
2019-01-01 00:00:00,117576095.15000002,c-us-tx-aus,
2020-01-01 00:00:00,176918615.34,c-us-tx-aus,
2021-01-01 00:00:00,323100235.6500001,c-us-tx-aus,
2022-01-01 00:00:00,138236714.90999997,c-us-tx-aus,
2023-01-01 00:00:00,128057379.29999995,c-us-tx-aus,
2017-01-01 00:00:00,50450405.279999994,c-us-tx-crp,
2018-01-01 00:00:00,38168956.370000005,c-us-tx-crp,
2019-01-01 00:00:00,44222618.430000015,c-us-tx-crp,
2020-01-01 00:00:00,74271461.2,c-us-tx-crp,
2021-01-01 00:00:00,92268434.48000002,c-us-tx-crp,
2022-01-01 00:00:00,87814554.99000004,c-us-tx-crp,
2023-01-01 00:00:00,72941100.61999999,c-us-tx-crp,
2017-01-01 00:00:00,174535328.42999998,c-us-tx-dal,
2018-01-01 00:00:00,115597420.44000001,c-us-tx-dal,
2019-01-01 00:00:00,161453261.81,c-us-tx-dal,
2020-01-01 00:00:00,922676552.6799997,c-us-tx-dal,
2021-01-01 00:00:00,1049631981.6800001,c-us-tx-dal,
2022-01-01 00:00:00,221032171.2999998,c-us-tx-dal,
2023-01-01 00:00:00,262535847.43000004,c-us-tx-dal,
2017-01-01 00:00:00,141345329.01,c-us-tx-elp,
2018-01-01 00:00:00,114868708.30999999,c-us-tx-elp,
2019-01-01 00:00:00,97194327.29000002,c-us-tx-elp,
2020-01-01 00:00:00,341985385.65000004,c-us-tx-elp,
2021-01-01 00:00:00,356687251.8900001,c-us-tx-elp,
2022-01-01 00:00:00,168058574.73,c-us-tx-elp,
2023-01-01 00:00:00,163906366.96,c-us-tx-elp,
2017-01-01 00:00:00,36708992.75,c-us-tx-fwt,
2018-01-01 00:00:00,14943081.629999999,c-us-tx-fwt,
2019-01-01 00:00:00,240264407.46000004,c-us-tx-fwt,
2020-01-01 00:00:00,341553065.2500001,c-us-tx-fwt,
2021-01-01 00:00:00,409523277.07000023,c-us-tx-fwt,
2022-01-01 00:00:00,35112470.43,c-us-tx-fwt,
2023-01-01 00:00:00,103270956.70000002,c-us-tx-fwt,
2017-01-01 00:00:00,19478035.32,c-us-tx-grx,
2018-01-01 00:00:00,14251648.620000001,c-us-tx-grx,
2019-01-01 00:00:00,16756372,c-us-tx-grx,
2020-01-01 00:00:00,20037235.72,c-us-tx-grx,
2021-01-01 00:00:00,90756365.02999999,c-us-tx-grx,
2022-01-01 00:00:00,23696106.119999997,c-us-tx-grx,
2023-01-01 00:00:00,14519996.01,c-us-tx-grx,
2017-01-01 00:00:00,487942268.93,c-us-tx-hou,
2018-01-01 00:00:00,352928909.04999995,c-us-tx-hou,
2019-01-01 00:00:00,373154122.8600001,c-us-tx-hou,
2020-01-01 00:00:00,1180480240.83,c-us-tx-hou,
2021-01-01 00:00:00,1991751379.78,c-us-tx-hou,
2022-01-01 00:00:00,524341849.5399999,c-us-tx-hou,
2023-01-01 00:00:00,429793850.9599998,c-us-tx-hou,
2017-01-01 00:00:00,6278532.1,c-us-tx-irt,
2018-01-01 00:00:00,4052704.8,c-us-tx-irt,
2019-01-01 00:00:00,6309968.52,c-us-tx-irt,
2020-01-01 00:00:00,6110835.2299999995,c-us-tx-irt,
2021-01-01 00:00:00,84159746.24000001,c-us-tx-irt,
2022-01-01 00:00:00,7151284.359999999,c-us-tx-irt,
2023-01-01 00:00:00,3308349.38,c-us-tx-irt,
2017-01-01 00:00:00,18855302.8,c-us-tx-lbb,
2018-01-01 00:00:00,16441694,c-us-tx-lbb,
2019-01-01 00:00:00,25849089.31,c-us-tx-lbb,
2020-01-01 00:00:00,53200557.30000001,c-us-tx-lbb,
2021-01-01 00:00:00,133622668.28999998,c-us-tx-lbb,
2022-01-01 00:00:00,30427639.420000006,c-us-tx-lbb,
2023-01-01 00:00:00,75927065.17,c-us-tx-lbb,
2017-01-01 00:00:00,33262628.249999996,c-us-tx-lrd,
2018-01-01 00:00:00,32202888.000000004,c-us-tx-lrd,
2019-01-01 00:00:00,31653956.71,c-us-tx-lrd,
2020-01-01 00:00:00,67157763.68,c-us-tx-lrd,
2021-01-01 00:00:00,136456148.5,c-us-tx-lrd,
2022-01-01 00:00:00,37914251.88000001,c-us-tx-lrd,
2023-01-01 00:00:00,39898657.64,c-us-tx-lrd,
2017-01-01 00:00:00,12832095,c-us-tx-plz,
2018-01-01 00:00:00,9536335,c-us-tx-plz,
2019-01-01 00:00:00,10589619.56,c-us-tx-plz,
2020-01-01 00:00:00,12108912.36,c-us-tx-plz,
2021-01-01 00:00:00,71634124.4,c-us-tx-plz,
2022-01-01 00:00:00,12082237.06,c-us-tx-plz,
2023-01-01 00:00:00,7250289.500000001,c-us-tx-plz,
2017-01-01 00:00:00,147326647.85,c-us-tx-sat,
2018-01-01 00:00:00,121431621.26,c-us-tx-sat,
2019-01-01 00:00:00,175332515.95000002,c-us-tx-sat,
2020-01-01 00:00:00,621732135.3699998,c-us-tx-sat,
2021-01-01 00:00:00,783903473.75,c-us-tx-sat,
2022-01-01 00:00:00,273649434.44000006,c-us-tx-sat,
2023-01-01 00:00:00,183438533.42000005,c-us-tx-sat,
2017-01-01 00:00:00,49465171.769999996,c-us-ut-slc,
2018-01-01 00:00:00,37157688.29,c-us-ut-slc,
2019-01-01 00:00:00,39964505.379999995,c-us-ut-slc,
2020-01-01 00:00:00,51073936.03999999,c-us-ut-slc,
2021-01-01 00:00:00,152525266.95,c-us-ut-slc,
2022-01-01 00:00:00,53293470.11,c-us-ut-slc,
2023-01-01 00:00:00,32908672.62,c-us-ut-slc,
2017-01-01 00:00:00,15274984,c-us-va-arp,
2018-01-01 00:00:00,20268288,c-us-va-arp,
2019-01-01 00:00:00,19467237.5,c-us-va-arp,
2020-01-01 00:00:00,133832959,c-us-va-arp,
2021-01-01 00:00:00,144570368,c-us-va-arp,
2022-01-01 00:00:00,14464007.55,c-us-va-arp,
2023-01-01 00:00:00,38049542.370000005,c-us-va-arp,
2017-01-01 00:00:00,39133977.91,c-us-va-orf,
2018-01-01 00:00:00,18571317.189999998,c-us-va-orf,
2019-01-01 00:00:00,15129927.129999999,c-us-va-orf,
2020-01-01 00:00:00,25338766.75,c-us-va-orf,
2021-01-01 00:00:00,176560351.14,c-us-va-orf,
2022-01-01 00:00:00,27324166.11,c-us-va-orf,
2023-01-01 00:00:00,33908271.22,c-us-va-orf,
2017-01-01 00:00:00,104297439.31,c-us-va-ric,
2018-01-01 00:00:00,90312345.94,c-us-va-ric,
2019-01-01 00:00:00,87075327.59,c-us-va-ric,
2020-01-01 00:00:00,138080109.22000003,c-us-va-ric,
2021-01-01 00:00:00,273579208.59000003,c-us-va-ric,
2022-01-01 00:00:00,143678694.26999998,c-us-va-ric,
2023-01-01 00:00:00,99355112.35,c-us-va-ric,
2017-01-01 00:00:00,27054952.720000003,c-us-va-ufg,
2018-01-01 00:00:00,26669352.08,c-us-va-ufg,
2019-01-01 00:00:00,34627978.349999994,c-us-va-ufg,
2020-01-01 00:00:00,26973944.310000002,c-us-va-ufg,
2021-01-01 00:00:00,111559573.80999999,c-us-va-ufg,
2022-01-01 00:00:00,37305480.46,c-us-va-ufg,
2023-01-01 00:00:00,27981338.96,c-us-va-ufg,
2017-01-01 00:00:00,48175520.72,c-us-va-vab,
2018-01-01 00:00:00,41802362.16,c-us-va-vab,
2019-01-01 00:00:00,31597261.25,c-us-va-vab,
2020-01-01 00:00:00,35854578.62,c-us-va-vab,
2021-01-01 00:00:00,198766761.96,c-us-va-vab,
2022-01-01 00:00:00,38949276.96,c-us-va-vab,
2023-01-01 00:00:00,39292744.94,c-us-va-vab,
2017-01-01 00:00:00,37428467.739999995,c-us-vt-btv,
2018-01-01 00:00:00,30397923.35,c-us-vt-btv,
2019-01-01 00:00:00,33340269.15,c-us-vt-btv,
2020-01-01 00:00:00,46828237.47,c-us-vt-btv,
2021-01-01 00:00:00,64104721.63,c-us-vt-btv,
2022-01-01 00:00:00,38920545.14000001,c-us-vt-btv,
2023-01-01 00:00:00,43584314.74,c-us-vt-btv,
2017-01-01 00:00:00,57909601.059999995,c-us-wa-geg,
2018-01-01 00:00:00,93667223.66,c-us-wa-geg,
2019-01-01 00:00:00,63177197.78,c-us-wa-geg,
2020-01-01 00:00:00,177207125.87,c-us-wa-geg,
2021-01-01 00:00:00,329034449.90999997,c-us-wa-geg,
2022-01-01 00:00:00,127161758.73,c-us-wa-geg,
2023-01-01 00:00:00,175534894.51,c-us-wa-geg,
2017-01-01 00:00:00,212863433.23,c-us-wa-sea,
2018-01-01 00:00:00,640800393.93,c-us-wa-sea,
2019-01-01 00:00:00,536612116.72999996,c-us-wa-sea,
2020-01-01 00:00:00,1304510042.0700004,c-us-wa-sea,
2021-01-01 00:00:00,1835843321.6499999,c-us-wa-sea,
2022-01-01 00:00:00,843864038.69,c-us-wa-sea,
2023-01-01 00:00:00,1139764395.2299998,c-us-wa-sea,
2017-01-01 00:00:00,85953593.23,c-us-wa-tiw,
2018-01-01 00:00:00,68474877.67,c-us-wa-tiw,
2019-01-01 00:00:00,64507907.94,c-us-wa-tiw,
2020-01-01 00:00:00,78196683.44,c-us-wa-tiw,
2021-01-01 00:00:00,179870336.81,c-us-wa-tiw,
2022-01-01 00:00:00,76219574.47999999,c-us-wa-tiw,
2023-01-01 00:00:00,102361328.31,c-us-wa-tiw,
2017-01-01 00:00:00,121671302.09,c-us-wi-mke,
2018-01-01 00:00:00,98370984.35,c-us-wi-mke,
2019-01-01 00:00:00,108118463.42,c-us-wi-mke,
2020-01-01 00:00:00,206760660.99000004,c-us-wi-mke,
2021-01-01 00:00:00,633809839.92,c-us-wi-mke,
2022-01-01 00:00:00,161194936.81,c-us-wi-mke,
2023-01-01 00:00:00,146955575.3,c-us-wi-mke,
2017-01-01 00:00:00,33810228.69,c-us-wi-msn,
2018-01-01 00:00:00,33670273.260000005,c-us-wi-msn,
2019-01-01 00:00:00,37098205.36000001,c-us-wi-msn,
2020-01-01 00:00:00,73128501.96,c-us-wi-msn,
2021-01-01 00:00:00,140976506.34,c-us-wi-msn,
2022-01-01 00:00:00,66828639.71,c-us-wi-msn,
2023-01-01 00:00:00,75873550.61,c-us-wi-msn,
2017-01-01 00:00:00,2539751.6,c-us-wv-crw,
2018-01-01 00:00:00,2790980.42,c-us-wv-crw,
2019-01-01 00:00:00,2961329,c-us-wv-crw,
2020-01-01 00:00:00,4133210.51,c-us-wv-crw,
2021-01-01 00:00:00,43310086,c-us-wv-crw,
2022-01-01 00:00:00,4530513.640000001,c-us-wv-crw,
2023-01-01 00:00:00,4011074.54,c-us-wv-crw,
2017-01-01 00:00:00,20223395.67,c-us-wy-cys,
2018-01-01 00:00:00,19440068,c-us-wy-cys,
2019-01-01 00:00:00,16452445,c-us-wy-cys,
2020-01-01 00:00:00,41915181.58,c-us-wy-cys,
2021-01-01 00:00:00,34720398.36,c-us-wy-cys,
2022-01-01 00:00:00,37149751.010000005,c-us-wy-cys,
2023-01-01 00:00:00,19087596.490000002,c-us-wy-cys,
